race_key,season,driver_id,won,post_quali,pre_weekend,mkt_pre_weekend,mkt_post_quali,model_post,model_pre
2025_01,2025,norris,True,0.36,0.345,0.3253182461103253,0.35242290748898675,0.5437000000000001,0.3505
2025_01,2025,piastri,False,0.185,0.155,0.14615747289014616,0.18110621634850707,0.32070000000000004,0.1209
2025_01,2025,max_verstappen,False,0.265,0.18,0.16973125884016974,0.25942241801272636,0.07730000000000001,0.0747
2025_01,2025,russell,False,0.054,0.06,0.056577086280056574,0.05286343612334801,0.039900000000000005,0.2298
2025_01,2025,tsunoda,False,0.0115,0.0035,0.0033003300330033004,0.01125795398923152,0.011100000000000002,0.0129
2025_01,2025,albon,False,0.0145,0.005,0.004714757190004715,0.014194811551639746,0.004200000000000001,0.0011
2025_01,2025,leclerc,False,0.053,0.16,0.15087223008015088,0.05188448360254527,0.0024000000000000002,0.1341
2025_01,2025,hamilton,False,0.0395,0.095,0.08958038661008959,0.03866862457170827,0.0006000000000000001,0.0026
2025_01,2025,gasly,False,0.0065,0.0065,0.006129184347006129,0.006363191385217816,0.0,0.0013
2025_01,2025,sainz,False,0.011,0.0085,0.008015087223008015,0.010768477728830151,0.00010000000000000002,0.0212
2025_01,2025,hadjar,False,0.0035,0.0015,0.0014144271570014145,0.0034263338228095936,0.0,0.0039
2025_01,2025,alonso,False,0.0045,0.0065,0.006129184347006129,0.004405286343612334,0.0,0.0015
2025_01,2025,stroll,False,0.0005,0.004,0.003771805752003772,0.0004894762604013705,0.0,0.0003
2025_01,2025,doohan,False,0.0025,0.0015,0.0014144271570014145,0.0024473813020068525,0.0,0.0007
2025_01,2025,bortoleto,False,0.0005,0.0015,0.0014144271570014145,0.0004894762604013705,0.0,0.0
2025_01,2025,antonelli,False,0.0025,0.009,0.008486562942008486,0.0024473813020068525,0.0,0.0396
2025_01,2025,hulkenberg,False,0.0005,0.0015,0.0014144271570014145,0.0004894762604013705,0.0,0.0007
2025_01,2025,lawson,False,0.006,0.0115,0.010843941537010843,0.005873715124816446,0.0,0.0038
2025_01,2025,ocon,False,0.0005,0.0035,0.0033003300330033004,0.0004894762604013705,0.0,0.0004
2025_01,2025,bearman,False,0.0005,0.0015,0.0014144271570014145,0.0004894762604013705,0.0,0.0
2025_02,2025,piastri,True,0.5,0.21,0.19914651493598862,0.48053820278712156,0.4697,0.1592
2025_02,2025,russell,False,0.074,0.0495,0.04694167852062589,0.071119654012494,0.2446,0.2031
2025_02,2025,norris,False,0.265,0.485,0.4599336178283547,0.25468524747717447,0.1504,0.3901
2025_02,2025,max_verstappen,False,0.075,0.165,0.15647226173541964,0.07208073041806823,0.0787,0.0839
2025_02,2025,hamilton,False,0.065,0.0325,0.030820293978188716,0.06246996636232581,0.0358,0.0045
2025_02,2025,leclerc,False,0.0315,0.055,0.05215742057847321,0.03027390677558866,0.0133,0.1076
2025_02,2025,hadjar,False,0.003,0.002,0.001896633475580844,0.0028832292167227298,0.0053,0.005
2025_02,2025,antonelli,False,0.0035,0.0195,0.01849217638691323,0.003363767419509851,0.0017,0.0005
2025_02,2025,tsunoda,False,0.004,0.0055,0.0052157420578473205,0.0038443056222969728,0.0004,0.0163
2025_02,2025,albon,False,0.001,0.003,0.002844950213371266,0.0009610764055742432,0.0001,0.003
2025_02,2025,ocon,False,0.0025,0.003,0.002844950213371266,0.002402691013935608,0.0,0.0001
2025_02,2025,hulkenberg,False,0.001,0.003,0.002844950213371266,0.0009610764055742432,0.0,0.0003
2025_02,2025,alonso,False,0.0015,0.002,0.001896633475580844,0.0014416146083613649,0.0,0.0011
2025_02,2025,stroll,False,0.001,0.003,0.002844950213371266,0.0009610764055742432,0.0,0.0006
2025_02,2025,sainz,False,0.002,0.0065,0.006164058795637742,0.0019221528111484864,0.0,0.0203
2025_02,2025,gasly,False,0.001,0.003,0.002844950213371266,0.0009610764055742432,0.0,0.0016
2025_02,2025,bearman,False,0.004,0.0005,0.000474158368895211,0.0038443056222969728,0.0,0.0
2025_02,2025,doohan,False,0.0015,0.0015,0.001422475106685633,0.0014416146083613649,0.0,0.0017
2025_02,2025,bortoleto,False,0.0015,0.002,0.001896633475580844,0.0014416146083613649,0.0,0.0004
2025_02,2025,lawson,False,0.0025,0.003,0.002844950213371266,0.002402691013935608,0.0,0.0007
2025_03,2025,max_verstappen,True,0.28,0.135,0.12869399428026693,0.26590693257359926,0.3866,0.0866
2025_03,2025,norris,False,0.43,0.395,0.37654909437559586,0.4083570750237417,0.3218,0.3411
2025_03,2025,piastri,False,0.23,0.295,0.2812202097235462,0.2184235517568851,0.2007,0.1816
2025_03,2025,leclerc,False,0.035,0.055,0.052430886558627265,0.03323836657169991,0.0549,0.0955
2025_03,2025,russell,False,0.0365,0.054,0.05147759771210677,0.03466286799620133,0.0272,0.1974
2025_03,2025,antonelli,False,0.0055,0.0155,0.014775977121067685,0.0052231718898385565,0.0055,0.0128
2025_03,2025,hadjar,False,0.001,0.003,0.0028598665395614875,0.000949667616334283,0.0022,0.0349
2025_03,2025,hamilton,False,0.02,0.045,0.04289799809342231,0.018993352326685663,0.0008,0.0081
2025_03,2025,albon,False,0.002,0.0045,0.004289799809342231,0.001899335232668566,0.0001,0.0028
2025_03,2025,bearman,False,0.0005,0.0015,0.0014299332697807437,0.0004748338081671415,0.0001,0.0
2025_03,2025,gasly,False,0.0005,0.003,0.0028598665395614875,0.0004748338081671415,0.0,0.0014
2025_03,2025,alonso,False,0.0015,0.003,0.0028598665395614875,0.0014245014245014246,0.0001,0.0015
2025_03,2025,lawson,False,0.0035,0.0035,0.003336510962821735,0.003323836657169991,0.0,0.0005
2025_03,2025,tsunoda,False,0.002,0.019,0.01811248808388942,0.001899335232668566,0.0,0.0203
2025_03,2025,sainz,False,0.001,0.005,0.004766444232602479,0.000949667616334283,0.0,0.013
2025_03,2025,hulkenberg,False,0.0005,0.002,0.0019065776930409916,0.0004748338081671415,0.0,0.0007
2025_03,2025,bortoleto,False,0.0005,0.0025,0.0023832221163012394,0.0004748338081671415,0.0,0.0007
2025_03,2025,ocon,False,0.002,0.0025,0.0023832221163012394,0.001899335232668566,0.0,0.0001
2025_03,2025,doohan,False,0.0005,0.0025,0.0023832221163012394,0.0004748338081671415,0.0,0.0009
2025_03,2025,stroll,False,0.0005,0.0025,0.0023832221163012394,0.0004748338081671415,0.0,0.0001
2025_04,2025,piastri,True,0.71,0.32,0.293040293040293,0.6604651162790698,0.5637,0.1835
2025_04,2025,leclerc,False,0.0295,0.04,0.036630036630036625,0.027441860465116277,0.1969,0.0919
2025_04,2025,russell,False,0.0875,0.055,0.05036630036630036,0.0813953488372093,0.1519,0.1703
2025_04,2025,gasly,False,0.0215,0.0015,0.0013736263736263735,0.02,0.0507,0.0008
2025_04,2025,antonelli,False,0.0135,0.0165,0.01510989010989011,0.012558139534883722,0.0242,0.0268
2025_04,2025,norris,False,0.16,0.405,0.3708791208791209,0.14883720930232558,0.0096,0.3274
2025_04,2025,max_verstappen,False,0.0315,0.2,0.18315018315018314,0.02930232558139535,0.0022,0.1158
2025_04,2025,sainz,False,0.0005,0.0015,0.0013736263736263735,0.00046511627906976747,0.0008,0.0106
2025_04,2025,hamilton,False,0.0125,0.034,0.031135531135531136,0.011627906976744188,0.0,0.0116
2025_04,2025,tsunoda,False,0.001,0.002,0.0018315018315018315,0.0009302325581395349,0.0,0.0134
2025_04,2025,doohan,False,0.0005,0.003,0.002747252747252747,0.00046511627906976747,0.0,0.0004
2025_04,2025,hadjar,False,0.0005,0.0015,0.0013736263736263735,0.00046511627906976747,0.0,0.0384
2025_04,2025,alonso,False,0.0005,0.0015,0.0013736263736263735,0.00046511627906976747,0.0,0.0027
2025_04,2025,ocon,False,0.001,0.0015,0.0013736263736263735,0.0009302325581395349,0.0,0.0002
2025_04,2025,albon,False,0.0015,0.0015,0.0013736263736263735,0.0013953488372093023,0.0,0.0043
2025_04,2025,hulkenberg,False,0.0005,0.0015,0.0013736263736263735,0.00046511627906976747,0.0,0.0006
2025_04,2025,lawson,False,0.0005,0.0015,0.0013736263736263735,0.00046511627906976747,0.0,0.0009
2025_04,2025,bortoleto,False,0.0005,0.0015,0.0013736263736263735,0.00046511627906976747,0.0,0.0002
2025_04,2025,stroll,False,0.0005,0.0015,0.0013736263736263735,0.00046511627906976747,0.0,0.0002
2025_04,2025,bearman,False,0.0015,0.0015,0.0013736263736263735,0.0013953488372093023,0.0,0.0
2025_05,2025,max_verstappen,False,0.37,0.095,0.07903494176372712,0.3661553686293914,0.4651,0.1012
2025_05,2025,piastri,True,0.475,0.385,0.32029950083194675,0.47006432459178626,0.3422,0.2316
2025_05,2025,russell,False,0.066,0.07,0.058236272878535784,0.0653142008906482,0.1463,0.1859
2025_05,2025,leclerc,False,0.01,0.06,0.04991680532445923,0.009896091044037606,0.0329,0.098
2025_05,2025,antonelli,False,0.006,0.0275,0.022878535773710483,0.005937654626422564,0.011,0.048
2025_05,2025,sainz,False,0.003,0.0115,0.00956738768718802,0.002968827313211282,0.0016,0.014
2025_05,2025,hamilton,False,0.0055,0.037,0.030782029950083195,0.0054428500742206825,0.0006,0.0125
2025_05,2025,tsunoda,False,0.0045,0.0105,0.008735440931780367,0.004453240969816922,0.0001,0.0076
2025_05,2025,gasly,False,0.0055,0.01,0.00831946755407654,0.0054428500742206825,0.0001,0.0055
2025_05,2025,norris,False,0.05,0.385,0.32029950083194675,0.049480455220188034,0.0001,0.2792
2025_05,2025,albon,False,0.002,0.0115,0.00956738768718802,0.0019792182088075212,0.0,0.0013
2025_05,2025,lawson,False,0.0015,0.0125,0.010399334442595675,0.001484413656605641,0.0,0.0001
2025_05,2025,alonso,False,0.001,0.0115,0.00956738768718802,0.0009896091044037606,0.0,0.0007
2025_05,2025,hadjar,False,0.001,0.0115,0.00956738768718802,0.0009896091044037606,0.0,0.0132
2025_05,2025,bearman,False,0.001,0.011,0.009151414309484194,0.0009896091044037606,0.0,0.0
2025_05,2025,stroll,False,0.0015,0.0115,0.00956738768718802,0.001484413656605641,0.0,0.0002
2025_05,2025,doohan,False,0.0005,0.009,0.007487520798668885,0.0004948045522018803,0.0,0.0003
2025_05,2025,hulkenberg,False,0.0025,0.011,0.009151414309484194,0.0024740227610094015,0.0,0.0004
2025_05,2025,ocon,False,0.002,0.0105,0.008735440931780367,0.0019792182088075212,0.0,0.0002
2025_05,2025,bortoleto,False,0.002,0.0105,0.008735440931780367,0.0019792182088075212,0.0,0.0001
2025_06,2025,max_verstappen,False,0.355,0.155,0.14547160957297042,0.3609557702084393,0.5181,0.1241
2025_06,2025,norris,False,0.36,0.37,0.347254809948381,0.3660396542958821,0.297,0.2529
2025_06,2025,antonelli,False,0.032,0.017,0.015954950727358048,0.03253685815963396,0.1079,0.0517
2025_06,2025,piastri,True,0.175,0.36,0.337869544814641,0.17793594306049823,0.0556,0.2489
2025_06,2025,russell,False,0.015,0.047,0.04411074612857813,0.015251652262328419,0.0166,0.1817
2025_06,2025,sainz,False,0.0005,0.003,0.0028155795401220082,0.0005083884087442806,0.0036,0.0132
2025_06,2025,albon,False,0.0005,0.003,0.0028155795401220082,0.0005083884087442806,0.0009,0.0017
2025_06,2025,leclerc,False,0.0085,0.0445,0.04176442984514312,0.008642602948652772,0.0003,0.0916
2025_06,2025,ocon,False,0.0005,0.003,0.0028155795401220082,0.0005083884087442806,0.0,0.0
2025_06,2025,tsunoda,False,0.0025,0.006,0.0056311590802440165,0.0025419420437214034,0.0,0.01
2025_06,2025,hadjar,False,0.0005,0.003,0.0028155795401220082,0.0005083884087442806,0.0,0.005
2025_06,2025,hamilton,False,0.0165,0.026,0.02440168934772407,0.016776817488561264,0.0,0.0113
2025_06,2025,bortoleto,False,0.0005,0.0025,0.002346316283435007,0.0005083884087442806,0.0,0.0
2025_06,2025,doohan,False,0.0005,0.0025,0.002346316283435007,0.0005083884087442806,0.0,0.0003
2025_06,2025,lawson,False,0.0005,0.0025,0.002346316283435007,0.0005083884087442806,0.0,0.0006
2025_06,2025,hulkenberg,False,0.0005,0.0025,0.002346316283435007,0.0005083884087442806,0.0,0.0003
2025_06,2025,alonso,False,0.006,0.0035,0.0032848427968090095,0.0061006609049313685,0.0,0.0014
2025_06,2025,stroll,False,0.0005,0.005,0.004692632566870014,0.0005083884087442806,0.0,0.0
2025_06,2025,bearman,False,0.005,0.006,0.0056311590802440165,0.005083884087442807,0.0,0.0
2025_06,2025,gasly,False,0.0035,0.0035,0.0032848427968090095,0.0035587188612099647,0.0,0.0053
2025_07,2025,piastri,False,0.635,0.38,0.3531598513011152,0.6076555023923446,0.5049,0.2224
2025_07,2025,max_verstappen,True,0.22,0.155,0.14405204460966542,0.2105263157894737,0.2689,0.1637
2025_07,2025,russell,False,0.022,0.0475,0.0441449814126394,0.021052631578947368,0.1493,0.164
2025_07,2025,norris,False,0.135,0.38,0.3531598513011152,0.1291866028708134,0.0641,0.2612
2025_07,2025,alonso,False,0.003,0.004,0.0037174721189591076,0.002870813397129187,0.0054,0.0006
2025_07,2025,sainz,False,0.003,0.0095,0.00882899628252788,0.002870813397129187,0.0063,0.0171
2025_07,2025,albon,False,0.0025,0.006,0.0055762081784386614,0.002392344497607656,0.0007,0.0031
2025_07,2025,stroll,False,0.002,0.005,0.004646840148698885,0.0019138755980861247,0.0004,0.0
2025_07,2025,hadjar,False,0.002,0.006,0.0055762081784386614,0.0019138755980861247,0.0,0.0062
2025_07,2025,gasly,False,0.0025,0.006,0.0055762081784386614,0.002392344497607656,0.0,0.0015
2025_07,2025,leclerc,False,0.0005,0.018,0.016728624535315983,0.00047846889952153117,0.0,0.0742
2025_07,2025,hamilton,False,0.0035,0.013,0.0120817843866171,0.003349282296650718,0.0,0.0069
2025_07,2025,antonelli,False,0.0055,0.019,0.01765799256505576,0.005263157894736842,0.0,0.0711
2025_07,2025,bortoleto,False,0.0015,0.0055,0.005111524163568772,0.0014354066985645935,0.0,0.0001
2025_07,2025,lawson,False,0.0015,0.005,0.004646840148698885,0.0014354066985645935,0.0,0.0001
2025_07,2025,hulkenberg,False,0.0015,0.005,0.004646840148698885,0.0014354066985645935,0.0,0.0
2025_07,2025,ocon,False,0.0015,0.0035,0.0032527881040892194,0.0014354066985645935,0.0,0.0002
2025_07,2025,bearman,False,0.002,0.0035,0.0032527881040892194,0.0019138755980861247,0.0,0.0
2025_07,2025,tsunoda,False,0.0005,0.0045,0.004182156133828996,0.00047846889952153117,0.0,0.0076
2025_08,2025,norris,True,0.56,0.295,0.27777777777777773,0.5408015451472719,0.5588,0.2383
2025_08,2025,leclerc,False,0.265,0.095,0.08945386064030131,0.25591501690004825,0.2662,0.0475
2025_08,2025,piastri,False,0.11,0.32,0.3013182674199623,0.10622887493964267,0.1548,0.2574
2025_08,2025,max_verstappen,False,0.05,0.24,0.22598870056497172,0.04828585224529213,0.011,0.1938
2025_08,2025,hadjar,False,0.009,0.0005,0.00047080979284369113,0.008691453404152581,0.0015,0.0063
2025_08,2025,alonso,False,0.0015,0.01,0.009416195856873822,0.0014485755673587638,0.0006,0.0014
2025_08,2025,hamilton,False,0.029,0.0285,0.026836158192090395,0.028005794302269436,0.007,0.0058
2025_08,2025,ocon,False,0.0005,0.002,0.0018832391713747645,0.0004828585224529213,0.0,0.0
2025_08,2025,lawson,False,0.0005,0.0005,0.00047080979284369113,0.0004828585224529213,0.0,0.0
2025_08,2025,albon,False,0.0015,0.0085,0.00800376647834275,0.0014485755673587638,0.0001,0.0043
2025_08,2025,sainz,False,0.0015,0.007,0.0065913370998116755,0.0014485755673587638,0.0,0.0242
2025_08,2025,tsunoda,False,0.0015,0.0015,0.0014124293785310734,0.0014485755673587638,0.0,0.0007
2025_08,2025,hulkenberg,False,0.0005,0.0005,0.00047080979284369113,0.0004828585224529213,0.0,0.0
2025_08,2025,russell,False,0.0015,0.028,0.026365348399246702,0.0014485755673587638,0.0,0.1853
2025_08,2025,antonelli,False,0.0015,0.02,0.018832391713747645,0.0014485755673587638,0.0,0.034
2025_08,2025,bortoleto,False,0.0005,0.0005,0.00047080979284369113,0.0004828585224529213,0.0,0.0
2025_08,2025,gasly,False,0.0005,0.003,0.002824858757062147,0.0004828585224529213,0.0,0.0009
2025_08,2025,stroll,False,0.0005,0.001,0.0009416195856873823,0.0004828585224529213,0.0,0.0001
2025_08,2025,bearman,False,0.0005,0.0005,0.00047080979284369113,0.0004828585224529213,0.0,0.0
2025_09,2025,piastri,True,0.57,0.325,0.3041647168928404,0.5547445255474452,0.6353,0.3096
2025_09,2025,norris,False,0.3,0.33,0.3088441740758072,0.29197080291970806,0.2166,0.3263
2025_09,2025,max_verstappen,False,0.1,0.215,0.20121665886757137,0.09732360097323603,0.0835,0.1553
2025_09,2025,russell,False,0.0185,0.0275,0.02573701450631727,0.018004866180048665,0.0512,0.0659
2025_09,2025,hamilton,False,0.013,0.034,0.031820308844174076,0.012652068126520682,0.0085,0.0152
2025_09,2025,antonelli,False,0.006,0.0115,0.010762751520823585,0.005839416058394161,0.0031,0.0055
2025_09,2025,leclerc,False,0.011,0.0515,0.04819840898455779,0.010705596107055963,0.0016,0.0907
2025_09,2025,gasly,False,0.001,0.0095,0.008890968647636874,0.0009732360097323603,0.0001,0.0002
2025_09,2025,hadjar,False,0.0015,0.0045,0.004211511464670098,0.0014598540145985403,0.0001,0.0061
2025_09,2025,alonso,False,0.0005,0.0095,0.008890968647636874,0.0004866180048661801,0.0,0.0028
2025_09,2025,albon,False,0.0015,0.008,0.007487131492746842,0.0014598540145985403,0.0,0.0088
2025_09,2025,bortoleto,False,0.0005,0.011,0.010294805802526907,0.0004866180048661801,0.0,0.0
2025_09,2025,lawson,False,0.0005,0.002,0.0018717828731867104,0.0004866180048661801,0.0,0.0
2025_09,2025,bearman,False,0.0005,0.003,0.0028076743097800658,0.0004866180048661801,0.0,0.0
2025_09,2025,hulkenberg,False,0.0015,0.0095,0.008890968647636874,0.0014598540145985403,0.0,0.0
2025_09,2025,ocon,False,0.0005,0.003,0.0028076743097800658,0.0004866180048661801,0.0,0.0001
2025_09,2025,sainz,False,0.0005,0.011,0.010294805802526907,0.0004866180048661801,0.0,0.0127
2025_09,2025,tsunoda,False,0.0005,0.003,0.0028076743097800658,0.0004866180048661801,0.0,0.0008
2025_10,2025,russell,True,0.22,0.04,0.03754106053496012,0.17425742574257427,0.5586,0.0738
2025_10,2025,max_verstappen,False,0.325,0.155,0.14547160957297045,0.25742574257425743,0.2509,0.1517
2025_10,2025,piastri,False,0.35,0.415,0.3894885030502112,0.2772277227722772,0.1561,0.3466
2025_10,2025,antonelli,False,0.029,0.011,0.010323791647114031,0.022970297029702973,0.0256,0.0097
2025_10,2025,hamilton,False,0.0275,0.03,0.028155795401220086,0.021782178217821784,0.0054,0.0205
2025_10,2025,alonso,False,0.0245,0.01,0.00938526513374003,0.019405940594059406,0.0021,0.0035
2025_10,2025,norris,False,0.095,0.325,0.305021116846551,0.07524752475247524,0.001,0.3023
2025_10,2025,leclerc,False,0.014,0.037,0.034725480994838104,0.01108910891089109,0.0003,0.0728
2025_10,2025,albon,False,0.011,0.005,0.004692632566870015,0.008712871287128712,0.0,0.0051
2025_10,2025,colapinto,False,0.0005,0.0025,0.0023463162834350074,0.00039603960396039607,0.0,0.0
2025_10,2025,hulkenberg,False,0.0205,0.004,0.0037541060534960115,0.016237623762376238,0.0,0.0
2025_10,2025,hadjar,False,0.0025,0.0045,0.004223369310183013,0.0019801980198019802,0.0,0.0095
2025_10,2025,bearman,False,0.022,0.004,0.0037541060534960115,0.017425742574257424,0.0,0.0
2025_10,2025,ocon,False,0.0215,0.005,0.004692632566870015,0.017029702970297027,0.0,0.0002
2025_10,2025,bortoleto,False,0.014,0.0025,0.0023463162834350074,0.01108910891089109,0.0,0.0001
2025_10,2025,sainz,False,0.017,0.003,0.0028155795401220087,0.013465346534653467,0.0,0.0024
2025_10,2025,stroll,False,0.0225,0.0025,0.0023463162834350074,0.01782178217821782,0.0,0.0
2025_10,2025,tsunoda,False,0.0015,0.003,0.0028155795401220087,0.001188118811881188,0.0,0.0001
2025_10,2025,lawson,False,0.023,0.0025,0.0023463162834350074,0.018217821782178217,0.0,0.0003
2025_10,2025,gasly,False,0.0215,0.004,0.0037541060534960115,0.017029702970297027,0.0,0.0014
2025_11,2025,norris,True,0.685,0.275,0.2666020358700921,0.6577052328372539,0.8518,0.2115
2025_11,2025,leclerc,False,0.0735,0.046,0.04459524963645176,0.07057129140662505,0.0809,0.0729
2025_11,2025,piastri,False,0.19,0.35,0.3393116820164808,0.1824291886701872,0.0426,0.3407
2025_11,2025,hamilton,False,0.0205,0.0215,0.020843431895298106,0.01968314930388862,0.0195,0.0278
2025_11,2025,russell,False,0.014,0.075,0.07270964614638875,0.013442150744119058,0.0034,0.1277
2025_11,2025,lawson,False,0.0015,0.0025,0.0024236548715462916,0.001440230436869899,0.0007,0.0
2025_11,2025,max_verstappen,False,0.0365,0.205,0.1987396994667959,0.03504560729716754,0.0011,0.1786
2025_11,2025,bortoleto,False,0.0015,0.0025,0.0024236548715462916,0.001440230436869899,0.0,0.0
2025_11,2025,antonelli,False,0.0045,0.0205,0.01987396994667959,0.004320691310609697,0.0,0.0179
2025_11,2025,gasly,False,0.0015,0.0025,0.0024236548715462916,0.001440230436869899,0.0,0.0001
2025_11,2025,alonso,False,0.0015,0.004,0.0038778477944740666,0.001440230436869899,0.0,0.0053
2025_11,2025,albon,False,0.0015,0.0035,0.0033931168201648083,0.001440230436869899,0.0,0.006
2025_11,2025,hadjar,False,0.0015,0.003,0.00290838584585555,0.001440230436869899,0.0,0.0093
2025_11,2025,colapinto,False,0.0015,0.0025,0.0024236548715462916,0.001440230436869899,0.0,0.0
2025_11,2025,bearman,False,0.0015,0.0025,0.0024236548715462916,0.001440230436869899,0.0,0.0
2025_11,2025,stroll,False,0.0005,0.0025,0.0024236548715462916,0.00048007681228996637,0.0,0.0
2025_11,2025,ocon,False,0.0015,0.0025,0.0024236548715462916,0.001440230436869899,0.0,0.0
2025_11,2025,tsunoda,False,0.0015,0.004,0.0038778477944740666,0.001440230436869899,0.0,0.0004
2025_11,2025,sainz,False,0.0015,0.004,0.0038778477944740666,0.001440230436869899,0.0,0.0017
2025_11,2025,hulkenberg,False,0.0005,0.0025,0.0024236548715462916,0.00048007681228996637,0.0,0.0001
2025_12,2025,max_verstappen,False,0.375,0.16,0.14974262985493683,0.3456221198156682,0.4299,0.1325
2025_12,2025,piastri,False,0.31,0.33,0.3088441740758072,0.2857142857142857,0.2624,0.2894
2025_12,2025,norris,True,0.22,0.325,0.3041647168928404,0.20276497695852536,0.161,0.3259
2025_12,2025,russell,False,0.038,0.07,0.06551240056153487,0.035023041474654376,0.0878,0.1053
2025_12,2025,hamilton,False,0.065,0.0335,0.0313523631258774,0.05990783410138249,0.0372,0.0316
2025_12,2025,leclerc,False,0.031,0.0445,0.0416471689284043,0.02857142857142857,0.021,0.0812
2025_12,2025,alonso,False,0.005,0.0065,0.006083294337856808,0.004608294930875576,0.0005,0.0047
2025_12,2025,gasly,False,0.0045,0.0025,0.002339728591483388,0.004147465437788018,0.0,0.0012
2025_12,2025,sainz,False,0.001,0.0025,0.002339728591483388,0.0009216589861751152,0.0001,0.0008
2025_12,2025,antonelli,False,0.0035,0.03,0.028076743097800654,0.0032258064516129032,0.0001,0.0134
2025_12,2025,tsunoda,False,0.0045,0.001,0.0009358914365933552,0.004147465437788018,0.0,0.0003
2025_12,2025,hadjar,False,0.0035,0.001,0.0009358914365933552,0.0032258064516129032,0.0,0.0073
2025_12,2025,albon,False,0.0045,0.001,0.0009358914365933552,0.004147465437788018,0.0,0.0048
2025_12,2025,ocon,False,0.0045,0.002,0.0018717828731867104,0.004147465437788018,0.0,0.0004
2025_12,2025,lawson,False,0.0005,0.0045,0.004211511464670098,0.0004608294930875576,0.0,0.0007
2025_12,2025,bortoleto,False,0.0045,0.0125,0.01169864295741694,0.004147465437788018,0.0,0.0004
2025_12,2025,stroll,False,0.0005,0.0025,0.002339728591483388,0.0004608294930875576,0.0,0.0
2025_12,2025,bearman,False,0.0045,0.001,0.0009358914365933552,0.004147465437788018,0.0,0.0001
2025_12,2025,hulkenberg,False,0.0005,0.0105,0.00982686008423023,0.0004608294930875576,0.0,0.0
2025_12,2025,colapinto,False,0.0045,0.028,0.026204960224613945,0.004147465437788018,0.0,0.0
2025_13,2025,norris,False,0.425,0.335,0.3205741626794259,0.42330677290836655,0.5271,0.2882
2025_13,2025,piastri,True,0.38,0.365,0.3492822966507177,0.3784860557768924,0.3209,0.2712
2025_13,2025,leclerc,False,0.0345,0.0515,0.049282296650717705,0.03436254980079682,0.0904,0.0886
2025_13,2025,max_verstappen,False,0.125,0.18,0.1722488038277512,0.12450199203187251,0.0488,0.1518
2025_13,2025,albon,False,0.0015,0.003,0.002870813397129187,0.00149402390438247,0.0075,0.0037
2025_13,2025,russell,False,0.0215,0.033,0.031578947368421054,0.02141434262948207,0.0028,0.1112
2025_13,2025,tsunoda,False,0.0015,0.002,0.0019138755980861247,0.00149402390438247,0.0021,0.0007
2025_13,2025,hadjar,False,0.0025,0.002,0.0019138755980861247,0.00249003984063745,0.0003,0.0054
2025_13,2025,lawson,False,0.0005,0.0015,0.0014354066985645935,0.00049800796812749,0.0001,0.0002
2025_13,2025,bortoleto,False,0.0005,0.002,0.0019138755980861247,0.00049800796812749,0.0,0.0003
2025_13,2025,ocon,False,0.003,0.002,0.0019138755980861247,0.00298804780876494,0.0,0.0002
2025_13,2025,bearman,False,0.0005,0.002,0.0019138755980861247,0.00049800796812749,0.0,0.0001
2025_13,2025,gasly,False,0.0005,0.002,0.0019138755980861247,0.00049800796812749,0.0,0.0014
2025_13,2025,hulkenberg,False,0.001,0.003,0.002870813397129187,0.00099601593625498,0.0,0.0
2025_13,2025,colapinto,False,0.0005,0.0005,0.00047846889952153117,0.00049800796812749,0.0,0.0
2025_13,2025,stroll,False,0.0005,0.0015,0.0014354066985645935,0.00049800796812749,0.0,0.0002
2025_13,2025,sainz,False,0.001,0.003,0.002870813397129187,0.00099601593625498,0.0,0.0006
2025_13,2025,hamilton,False,0.002,0.042,0.04019138755980862,0.00199203187250996,0.0,0.0508
2025_13,2025,antonelli,False,0.002,0.011,0.010526315789473684,0.00199203187250996,0.0,0.0184
2025_13,2025,alonso,False,0.0005,0.003,0.002870813397129187,0.00049800796812749,0.0,0.007
2025_14,2025,leclerc,False,0.185,0.075,0.07246376811594203,0.18172888015717092,0.1255,0.1009
2025_14,2025,piastri,False,0.475,0.38,0.3671497584541063,0.4666011787819253,0.4204,0.2726
2025_14,2025,norris,True,0.295,0.35,0.33816425120772947,0.2897838899803536,0.3439,0.3084
2025_14,2025,russell,False,0.023,0.0345,0.03333333333333334,0.022593320235756383,0.0567,0.0939
2025_14,2025,alonso,False,0.006,0.0015,0.0014492753623188408,0.005893909626719057,0.0251,0.0038
2025_14,2025,stroll,False,0.002,0.0015,0.0014492753623188408,0.0019646365422396855,0.0264,0.0
2025_14,2025,bortoleto,False,0.0005,0.0015,0.0014492753623188408,0.0004911591355599214,0.0011,0.0009
2025_14,2025,max_verstappen,False,0.015,0.135,0.13043478260869568,0.014734774066797641,0.0009,0.1553
2025_14,2025,lawson,False,0.0005,0.0015,0.0014492753623188408,0.0004911591355599214,0.0,0.0013
2025_14,2025,hadjar,False,0.0005,0.0015,0.0014492753623188408,0.0004911591355599214,0.0,0.0091
2025_14,2025,bearman,False,0.0005,0.0015,0.0014492753623188408,0.0004911591355599214,0.0,0.0004
2025_14,2025,hamilton,False,0.0075,0.0355,0.03429951690821256,0.007367387033398821,0.0,0.0288
2025_14,2025,sainz,False,0.0005,0.002,0.0019323671497584543,0.0004911591355599214,0.0,0.0019
2025_14,2025,colapinto,False,0.0015,0.0015,0.0014492753623188408,0.0014734774066797642,0.0,0.0
2025_14,2025,antonelli,False,0.003,0.005,0.004830917874396136,0.0029469548133595285,0.0,0.0102
2025_14,2025,gasly,False,0.0005,0.0015,0.0014492753623188408,0.0004911591355599214,0.0,0.0031
2025_14,2025,ocon,False,0.0005,0.0015,0.0014492753623188408,0.0004911591355599214,0.0,0.0007
2025_14,2025,hulkenberg,False,0.0005,0.0015,0.0014492753623188408,0.0004911591355599214,0.0,0.0004
2025_14,2025,albon,False,0.0005,0.0015,0.0014492753623188408,0.0004911591355599214,0.0,0.007
2025_14,2025,tsunoda,False,0.0005,0.0015,0.0014492753623188408,0.0004911591355599214,0.0,0.0013
2025_15,2025,piastri,True,0.605,0.41,0.39537126325940214,0.5761904761904761,0.533,0.2996
2025_15,2025,norris,False,0.325,0.385,0.3712632594021215,0.30952380952380953,0.406,0.3342
2025_15,2025,max_verstappen,False,0.06,0.09,0.08678881388621022,0.05714285714285714,0.0556,0.1048
2025_15,2025,hadjar,False,0.0025,0.0015,0.0014464802314368371,0.0023809523809523807,0.0041,0.0151
2025_15,2025,russell,False,0.0145,0.045,0.04339440694310511,0.01380952380952381,0.0008,0.0962
2025_15,2025,leclerc,False,0.0105,0.065,0.06268081002892961,0.01,0.0002,0.0912
2025_15,2025,hamilton,False,0.008,0.0175,0.016875602700096436,0.007619047619047619,0.0003,0.0245
2025_15,2025,lawson,False,0.001,0.0015,0.0014464802314368371,0.0009523809523809524,0.0,0.0018
2025_15,2025,sainz,False,0.0015,0.0015,0.0014464802314368371,0.0014285714285714286,0.0,0.002
2025_15,2025,alonso,False,0.008,0.003,0.0028929604628736743,0.007619047619047619,0.0,0.0082
2025_15,2025,antonelli,False,0.0025,0.003,0.0028929604628736743,0.0023809523809523807,0.0,0.0101
2025_15,2025,tsunoda,False,0.001,0.0015,0.0014464802314368371,0.0009523809523809524,0.0,0.0024
2025_15,2025,bortoleto,False,0.0015,0.0015,0.0014464802314368371,0.0014285714285714286,0.0,0.0018
2025_15,2025,gasly,False,0.001,0.0015,0.0014464802314368371,0.0009523809523809524,0.0,0.0016
2025_15,2025,albon,False,0.0015,0.0015,0.0014464802314368371,0.0014285714285714286,0.0,0.0047
2025_15,2025,colapinto,False,0.001,0.0015,0.0014464802314368371,0.0009523809523809524,0.0,0.0002
2025_15,2025,hulkenberg,False,0.001,0.0015,0.0014464802314368371,0.0009523809523809524,0.0,0.0001
2025_15,2025,ocon,False,0.0025,0.0015,0.0014464802314368371,0.0023809523809523807,0.0,0.0003
2025_15,2025,stroll,False,0.001,0.002,0.0019286403085824497,0.0009523809523809524,0.0,0.0002
2025_15,2025,bearman,False,0.001,0.0015,0.0014464802314368371,0.0009523809523809524,0.0,0.001
2025_16,2025,max_verstappen,True,0.305,0.09,0.08395522388059701,0.29214559386973177,0.4715,0.1162
2025_16,2025,norris,False,0.375,0.38,0.3544776119402985,0.35919540229885055,0.2991,0.3454
2025_16,2025,piastri,False,0.265,0.425,0.396455223880597,0.25383141762452105,0.1288,0.3266
2025_16,2025,leclerc,False,0.05,0.055,0.05130597014925373,0.04789272030651341,0.0709,0.0648
2025_16,2025,russell,False,0.017,0.06,0.05597014925373134,0.01628352490421456,0.0183,0.0806
2025_16,2025,antonelli,False,0.0065,0.008,0.007462686567164179,0.006226053639846743,0.0072,0.0074
2025_16,2025,bortoleto,False,0.003,0.0025,0.0023320895522388058,0.0028735632183908046,0.001,0.0013
2025_16,2025,alonso,False,0.002,0.0035,0.0032649253731343282,0.0019157088122605363,0.0007,0.0078
2025_16,2025,tsunoda,False,0.0025,0.0025,0.0023320895522388058,0.0023946360153256703,0.0002,0.0023
2025_16,2025,hamilton,False,0.007,0.0155,0.014458955223880595,0.006704980842911878,0.0022,0.0229
2025_16,2025,bearman,False,0.001,0.0025,0.0023320895522388058,0.0009578544061302681,0.0001,0.0
2025_16,2025,hulkenberg,False,0.001,0.0025,0.0023320895522388058,0.0009578544061302681,0.0,0.0001
2025_16,2025,sainz,False,0.0015,0.0035,0.0032649253731343282,0.0014367816091954023,0.0,0.0029
2025_16,2025,albon,False,0.0015,0.0035,0.0032649253731343282,0.0014367816091954023,0.0,0.0026
2025_16,2025,ocon,False,0.001,0.0025,0.0023320895522388058,0.0009578544061302681,0.0,0.0007
2025_16,2025,stroll,False,0.001,0.0025,0.0023320895522388058,0.0009578544061302681,0.0,0.0
2025_16,2025,colapinto,False,0.001,0.0035,0.0032649253731343282,0.0009578544061302681,0.0,0.0
2025_16,2025,lawson,False,0.001,0.0035,0.0032649253731343282,0.0009578544061302681,0.0,0.0028
2025_16,2025,hadjar,False,0.001,0.0035,0.0032649253731343282,0.0009578544061302681,0.0,0.0139
2025_16,2025,gasly,False,0.001,0.0025,0.0023320895522388058,0.0009578544061302681,0.0,0.0017
2025_17,2025,max_verstappen,True,0.665,0.195,0.18527315914489312,0.6532416502946955,0.6083000000000001,0.13940000000000002
2025_17,2025,sainz,False,0.0275,0.002,0.0019002375296912114,0.027013752455795677,0.07350000000000001,0.0032000000000000006
2025_17,2025,lawson,False,0.0155,0.002,0.0019002375296912114,0.015225933202357564,0.06890000000000002,0.00030000000000000003
2025_17,2025,antonelli,False,0.0255,0.0055,0.005225653206650831,0.02504911591355599,0.07990000000000001,0.012100000000000001
2025_17,2025,russell,False,0.043,0.0355,0.033729216152019,0.04223968565815324,0.060700000000000004,0.08380000000000001
2025_17,2025,tsunoda,False,0.007,0.002,0.0019002375296912114,0.0068762278978389,0.006400000000000001,0.0025000000000000005
2025_17,2025,norris,False,0.115,0.295,0.28028503562945367,0.11296660117878193,0.06770000000000001,0.33290000000000003
2025_17,2025,hadjar,False,0.0005,0.002,0.0019002375296912114,0.0004911591355599214,0.005100000000000001,0.010300000000000002
2025_17,2025,piastri,False,0.075,0.375,0.35629453681710216,0.07367387033398821,0.020100000000000003,0.27930000000000005
2025_17,2025,leclerc,False,0.024,0.095,0.09026128266033254,0.023575638506876228,0.009100000000000002,0.08130000000000001
2025_17,2025,alonso,False,0.0005,0.003,0.0028503562945368173,0.0004911591355599214,0.00020000000000000004,0.011400000000000002
2025_17,2025,hamilton,False,0.0125,0.0245,0.02327790973871734,0.012278978388998036,0.00010000000000000002,0.033600000000000005
2025_17,2025,bortoleto,False,0.001,0.002,0.0019002375296912114,0.0009823182711198428,0.0,0.0033000000000000004
2025_17,2025,stroll,False,0.0005,0.002,0.0019002375296912114,0.0004911591355599214,0.0,0.00020000000000000004
2025_17,2025,bearman,False,0.001,0.002,0.0019002375296912114,0.0009823182711198428,0.0,0.0011000000000000003
2025_17,2025,colapinto,False,0.0005,0.002,0.0019002375296912114,0.0004911591355599214,0.0,0.00010000000000000002
2025_17,2025,hulkenberg,False,0.001,0.002,0.0019002375296912114,0.0009823182711198428,0.0,0.00020000000000000004
2025_17,2025,gasly,False,0.001,0.002,0.0019002375296912114,0.0009823182711198428,0.0,0.0015000000000000002
2025_17,2025,albon,False,0.001,0.002,0.0019002375296912114,0.0009823182711198428,0.0,0.0024000000000000002
2025_17,2025,ocon,False,0.001,0.002,0.0019002375296912114,0.0009823182711198428,0.0,0.0011000000000000003
2025_18,2025,russell,True,0.385,0.033,0.03021978021978022,0.370548604427334,0.5838,0.085
2025_18,2025,max_verstappen,False,0.415,0.26,0.23809523809523808,0.39942252165543796,0.246,0.1684
2025_18,2025,piastri,False,0.125,0.3,0.2747252747252747,0.12030798845043311,0.0809,0.2596
2025_18,2025,antonelli,False,0.0225,0.015,0.013736263736263734,0.02165543792107796,0.0497,0.023
2025_18,2025,norris,False,0.045,0.325,0.2976190476190476,0.04331087584215592,0.0274,0.2908
2025_18,2025,hamilton,False,0.013,0.031,0.028388278388278385,0.012512030798845044,0.0085,0.0324
2025_18,2025,leclerc,False,0.0065,0.065,0.05952380952380952,0.006256015399422522,0.0032,0.0906
2025_18,2025,hadjar,False,0.004,0.006,0.005494505494505494,0.0038498556304138597,0.0005,0.0146
2025_18,2025,bearman,False,0.0015,0.004,0.003663003663003663,0.0014436958614051974,0.0,0.0007
2025_18,2025,alonso,False,0.0035,0.006,0.005494505494505494,0.0033686236766121273,0.0,0.0125
2025_18,2025,hulkenberg,False,0.0005,0.0015,0.0013736263736263735,0.00048123195380173246,0.0,0.0001
2025_18,2025,lawson,False,0.001,0.0055,0.005036630036630036,0.0009624639076034649,0.0,0.0045
2025_18,2025,tsunoda,False,0.0015,0.006,0.005494505494505494,0.0014436958614051974,0.0,0.0048
2025_18,2025,bortoleto,False,0.0015,0.004,0.003663003663003663,0.0014436958614051974,0.0,0.0038
2025_18,2025,stroll,False,0.002,0.005,0.004578754578754578,0.0019249278152069298,0.0,0.0006
2025_18,2025,colapinto,False,0.0015,0.004,0.003663003663003663,0.0014436958614051974,0.0,0.0001
2025_18,2025,ocon,False,0.0015,0.005,0.004578754578754578,0.0014436958614051974,0.0,0.0001
2025_18,2025,sainz,False,0.002,0.006,0.005494505494505494,0.0019249278152069298,0.0,0.0075
2025_18,2025,gasly,False,0.0045,0.005,0.004578754578754578,0.004331087584215592,0.0,0.0005
2025_18,2025,albon,False,0.002,0.005,0.004578754578754578,0.0019249278152069298,0.0,0.0004
2025_19,2025,max_verstappen,True,0.61,0.33,0.29411764705882354,0.552536231884058,0.637,0.1863
2025_19,2025,norris,False,0.295,0.275,0.24509803921568626,0.26721014492753625,0.1743,0.2516
2025_19,2025,leclerc,False,0.0545,0.0465,0.04144385026737968,0.04936594202898551,0.106,0.0838
2025_19,2025,russell,False,0.035,0.06,0.053475935828877,0.03170289855072465,0.0564,0.1233
2025_19,2025,hamilton,False,0.018,0.029,0.02584670231729055,0.016304347826086956,0.02,0.0389
2025_19,2025,piastri,False,0.045,0.27,0.24064171122994651,0.04076086956521739,0.0033,0.2303
2025_19,2025,antonelli,False,0.005,0.0175,0.015597147950089126,0.004528985507246378,0.002,0.0323
2025_19,2025,bearman,False,0.0065,0.008,0.0071301247771836,0.00588768115942029,0.0005,0.0023
2025_19,2025,sainz,False,0.0055,0.0075,0.006684491978609625,0.004981884057971015,0.0004,0.0013
2025_19,2025,alonso,False,0.007,0.006,0.0053475935828877,0.006340579710144929,0.0001,0.0178
2025_19,2025,hulkenberg,False,0.005,0.007,0.00623885918003565,0.004528985507246378,0.0,0.0007
2025_19,2025,lawson,False,0.0025,0.007,0.00623885918003565,0.002264492753623189,0.0,0.0045
2025_19,2025,tsunoda,False,0.0005,0.008,0.0071301247771836,0.00045289855072463774,0.0,0.0045
2025_19,2025,gasly,False,0.001,0.008,0.0071301247771836,0.0009057971014492755,0.0,0.0005
2025_19,2025,colapinto,False,0.002,0.008,0.0071301247771836,0.001811594202898551,0.0,0.0
2025_19,2025,bortoleto,False,0.002,0.008,0.0071301247771836,0.001811594202898551,0.0,0.0022
2025_19,2025,ocon,False,0.0015,0.008,0.0071301247771836,0.0013586956521739132,0.0,0.0
2025_19,2025,albon,False,0.004,0.0045,0.004010695187165775,0.003623188405797102,0.0,0.0003
2025_19,2025,stroll,False,0.0005,0.0075,0.006684491978609625,0.00045289855072463774,0.0,0.0001
2025_19,2025,hadjar,False,0.0035,0.0065,0.005793226381461675,0.0031702898550724644,0.0,0.0193
2025_20,2025,norris,True,0.685,0.275,0.22926219258024177,0.5857203933304832,0.7518,0.2386
2025_20,2025,leclerc,False,0.165,0.037,0.030846185910796162,0.1410859341598974,0.1589,0.0958
2025_20,2025,hamilton,False,0.054,0.027,0.022509378907878283,0.046173578452330055,0.06,0.0508
2025_20,2025,russell,False,0.0325,0.055,0.04585243851604835,0.02778965369816161,0.018,0.1369
2025_20,2025,max_verstappen,False,0.105,0.44,0.3668195081283868,0.08978195810175288,0.0072,0.2169
2025_20,2025,antonelli,False,0.018,0.016,0.013338891204668612,0.01539119281744335,0.0034,0.0429
2025_20,2025,piastri,False,0.025,0.195,0.1625677365568987,0.021376656690893545,0.0005,0.1774
2025_20,2025,hadjar,False,0.0085,0.017,0.014172571904960402,0.007268063274903805,0.0001,0.0019
2025_20,2025,bearman,False,0.0145,0.0005,0.00041684035014589413,0.012398460880718257,0.0,0.0057
2025_20,2025,tsunoda,False,0.0025,0.014,0.011671529804085036,0.0021376656690893546,0.0,0.0058
2025_20,2025,ocon,False,0.0005,0.0005,0.00041684035014589413,0.0004275331338178709,0.0,0.0
2025_20,2025,sainz,False,0.0025,0.0205,0.01709045435598166,0.0021376656690893546,0.0001,0.0029
2025_20,2025,hulkenberg,False,0.0005,0.015,0.012505210504376823,0.0004275331338178709,0.0,0.0011
2025_20,2025,alonso,False,0.0035,0.017,0.014172571904960402,0.002992731936725096,0.0,0.0174
2025_20,2025,lawson,False,0.0025,0.014,0.011671529804085036,0.0021376656690893546,0.0,0.0046
2025_20,2025,bortoleto,False,0.0145,0.0125,0.010421008753647354,0.012398460880718257,0.0,0.0005
2025_20,2025,albon,False,0.0005,0.018,0.015006252605252186,0.0004275331338178709,0.0,0.0001
2025_20,2025,gasly,False,0.0145,0.0005,0.00041684035014589413,0.012398460880718257,0.0,0.0003
2025_20,2025,stroll,False,0.001,0.015,0.012505210504376823,0.0008550662676357418,0.0,0.0
2025_20,2025,colapinto,False,0.0195,0.01,0.008336807002917883,0.016673792218896966,0.0,0.0004
2025_21,2025,norris,True,0.705,0.345,0.32063197026022305,0.6727099236641221,0.6903,0.2823
2025_21,2025,antonelli,False,0.102,0.0075,0.006970260223048328,0.09732824427480916,0.1965,0.0422
2025_21,2025,leclerc,False,0.0335,0.04,0.03717472118959109,0.03196564885496183,0.0636,0.1127
2025_21,2025,piastri,False,0.11,0.175,0.162639405204461,0.1049618320610687,0.031,0.1515
2025_21,2025,hadjar,False,0.011,0.005,0.004646840148698886,0.010496183206106869,0.0059,0.006
2025_21,2025,russell,False,0.0235,0.045,0.041821561338289966,0.022423664122137404,0.0055,0.1289
2025_21,2025,lawson,False,0.005,0.005,0.004646840148698886,0.004770992366412214,0.0018,0.0037
2025_21,2025,bearman,False,0.0105,0.005,0.004646840148698886,0.01001908396946565,0.0049,0.0051
2025_21,2025,gasly,False,0.0045,0.005,0.004646840148698886,0.004293893129770992,0.0005,0.0001
2025_21,2025,hulkenberg,False,0.005,0.003,0.002788104089219331,0.004770992366412214,0.0,0.001
2025_21,2025,alonso,False,0.0045,0.005,0.004646840148698886,0.004293893129770992,0.0,0.0084
2025_21,2025,albon,False,0.002,0.002,0.0018587360594795542,0.0019083969465648854,0.0,0.0002
2025_21,2025,hamilton,False,0.0015,0.0285,0.02648698884758365,0.0014312977099236641,0.0,0.0652
2025_21,2025,stroll,False,0.003,0.004,0.0037174721189591085,0.0028625954198473282,0.0,0.0001
2025_21,2025,sainz,False,0.0005,0.0045,0.004182156133828997,0.00047709923664122136,0.0,0.0065
2025_21,2025,colapinto,False,0.0025,0.0045,0.004182156133828997,0.002385496183206107,0.0,0.0
2025_21,2025,tsunoda,False,0.002,0.0075,0.006970260223048328,0.0019083969465648854,0.0,0.0046
2025_21,2025,bortoleto,False,0.002,0.0055,0.005111524163568774,0.0019083969465648854,0.0,0.0006
2025_21,2025,max_verstappen,False,0.017,0.375,0.3485130111524164,0.016221374045801526,0.0,0.1809
2025_21,2025,ocon,False,0.003,0.004,0.0037174721189591085,0.0028625954198473282,0.0,0.0
2025_22,2025,norris,False,0.465,0.265,0.23545091070635277,0.41132242370632466,0.7316,0.3258
2025_22,2025,max_verstappen,True,0.4,0.36,0.31985784095957354,0.35382574082264484,0.1748,0.1046
2025_22,2025,sainz,False,0.0175,0.0155,0.013771657041314972,0.015479876160990712,0.0854,0.0072
2025_22,2025,russell,False,0.085,0.165,0.14660151043980454,0.07518796992481203,0.0064,0.12
2025_22,2025,piastri,False,0.041,0.095,0.0844069302532208,0.0362671384343211,0.0015,0.1496
2025_22,2025,lawson,False,0.0135,0.0075,0.006663705019991115,0.011941618752764263,0.0003,0.0067
2025_22,2025,alonso,False,0.015,0.0065,0.005775211017325633,0.01326846528084918,0.0,0.013
2025_22,2025,hadjar,False,0.032,0.0105,0.009329187027987563,0.028306059265811586,0.0,0.0083
2025_22,2025,leclerc,False,0.017,0.051,0.04531319413593958,0.015037593984962407,0.0,0.1175
2025_22,2025,gasly,False,0.01,0.0175,0.015548645046645937,0.008845643520566122,0.0,0.0011
2025_22,2025,hulkenberg,False,0.002,0.006,0.0053309640159928924,0.0017691287041132241,0.0,0.003
2025_22,2025,stroll,False,0.002,0.006,0.0053309640159928924,0.0017691287041132241,0.0,0.0002
2025_22,2025,ocon,False,0.002,0.0115,0.010217681030653044,0.0017691287041132241,0.0,0.0
2025_22,2025,bearman,False,0.002,0.006,0.0053309640159928924,0.0017691287041132241,0.0,0.0129
2025_22,2025,colapinto,False,0.0005,0.0025,0.002221235006663705,0.00044228217602830603,0.0,0.0001
2025_22,2025,albon,False,0.002,0.0055,0.004886717014660151,0.0017691287041132241,0.0,0.0001
2025_22,2025,antonelli,False,0.0105,0.055,0.04886717014660151,0.009287925696594427,0.0,0.0681
2025_22,2025,bortoleto,False,0.0065,0.0025,0.002221235006663705,0.005749668288367978,0.0,0.0002
2025_22,2025,hamilton,False,0.005,0.0255,0.02265659706796979,0.004422821760283061,0.0,0.0587
2025_22,2025,tsunoda,False,0.002,0.0115,0.010217681030653044,0.0017691287041132241,0.0,0.0029
2025_23,2025,piastri,False,0.585,0.13,0.10333863275039747,0.5340027384755819,0.6047,0.1364
2025_23,2025,norris,False,0.25,0.335,0.26629570747217807,0.22820629849383844,0.2783,0.4357
2025_23,2025,max_verstappen,True,0.135,0.43,0.34181240063593005,0.12323140118667276,0.0727,0.1625
2025_23,2025,russell,False,0.0255,0.055,0.04372019077901431,0.02327704244637152,0.0382,0.1297
2025_23,2025,antonelli,False,0.0085,0.0305,0.02424483306836248,0.0077590141487905075,0.0059,0.0001
2025_23,2025,hadjar,False,0.001,0.0075,0.005961844197138314,0.0009128251939753538,0.0002,0.0121
2025_23,2025,sainz,False,0.0065,0.0075,0.005961844197138314,0.0059333637608398,0.0,0.0263
2025_23,2025,alonso,False,0.0065,0.0075,0.005961844197138314,0.0059333637608398,0.0,0.0161
2025_23,2025,gasly,False,0.0065,0.025,0.01987281399046105,0.0059333637608398,0.0,0.0003
2025_23,2025,leclerc,False,0.0025,0.0445,0.035373608903020666,0.0022820629849383844,0.0,0.0672
2025_23,2025,hulkenberg,False,0.009,0.0235,0.018680445151033388,0.008215426745778184,0.0,0.0001
2025_23,2025,lawson,False,0.0015,0.025,0.01987281399046105,0.0013692377909630307,0.0,0.0129
2025_23,2025,bearman,False,0.0065,0.025,0.01987281399046105,0.0059333637608398,0.0,0.0004
2025_23,2025,albon,False,0.0095,0.024,0.019077901430842606,0.008671839342765861,0.0,0.0
2025_23,2025,tsunoda,False,0.0085,0.007,0.005564387917329094,0.0077590141487905075,0.0,0.0
2025_23,2025,ocon,False,0.0085,0.0075,0.005961844197138314,0.0077590141487905075,0.0,0.0
2025_23,2025,hamilton,False,0.0085,0.0135,0.010731319554848967,0.0077590141487905075,0.0,0.0002
2025_23,2025,stroll,False,0.0015,0.025,0.01987281399046105,0.0013692377909630307,0.0,0.0
2025_23,2025,bortoleto,False,0.0055,0.024,0.019077901430842606,0.005020538566864446,0.0,0.0
2025_23,2025,colapinto,False,0.0095,0.011,0.008744038155802861,0.008671839342765861,0.0,0.0
2025_24,2025,max_verstappen,True,0.715,0.37,0.32342657342657344,0.6898215147129764,0.6248,0.1663
2025_24,2025,norris,False,0.2,0.275,0.24038461538461542,0.1929570670525808,0.2198,0.398
2025_24,2025,piastri,False,0.085,0.21,0.18356643356643357,0.08200675349734685,0.1274,0.1831
2025_24,2025,russell,False,0.0115,0.06,0.05244755244755245,0.011095031355523395,0.0199,0.1467
2025_24,2025,leclerc,False,0.006,0.037,0.032342657342657344,0.0057887120115774245,0.0068,0.0459
2025_24,2025,alonso,False,0.0045,0.0055,0.004807692307692308,0.0043415340086830675,0.0006,0.0133
2025_24,2025,bortoleto,False,0.0005,0.0105,0.00917832167832168,0.000482392667631452,0.0005,0.0
2025_24,2025,ocon,False,0.0005,0.009,0.007867132867132868,0.000482392667631452,0.0001,0.0
2025_24,2025,hadjar,False,0.0005,0.0085,0.007430069930069931,0.000482392667631452,0.0,0.0137
2025_24,2025,tsunoda,False,0.0005,0.01,0.008741258741258742,0.000482392667631452,0.0001,0.0
2025_24,2025,bearman,False,0.0005,0.0155,0.01354895104895105,0.000482392667631452,0.0,0.0005
2025_24,2025,sainz,False,0.0005,0.027,0.023601398601398604,0.000482392667631452,0.0,0.0214
2025_24,2025,lawson,False,0.0005,0.0105,0.00917832167832168,0.000482392667631452,0.0,0.0095
2025_24,2025,antonelli,False,0.001,0.037,0.032342657342657344,0.000964785335262904,0.0,0.0012
2025_24,2025,stroll,False,0.0005,0.0105,0.00917832167832168,0.000482392667631452,0.0,0.0
2025_24,2025,hamilton,False,0.0005,0.0055,0.004807692307692308,0.000482392667631452,0.0,0.0
2025_24,2025,albon,False,0.0075,0.011,0.009615384615384616,0.00723589001447178,0.0,0.0
2025_24,2025,hulkenberg,False,0.0005,0.0105,0.00917832167832168,0.000482392667631452,0.0,0.0002
2025_24,2025,gasly,False,0.0005,0.0105,0.00917832167832168,0.000482392667631452,0.0,0.0002
2025_24,2025,colapinto,False,0.0005,0.0105,0.00917832167832168,0.000482392667631452,0.0,0.0
2026_01,2026,russell,True,0.715,0.325,0.28596568411790585,0.6962025316455697,0.7721,0.1257
2026_01,2026,antonelli,False,0.126,0.115,0.10118785745710515,0.12268743914313536,0.2082,0.0022
2026_01,2026,hadjar,False,0.0285,0.0015,0.0013198416190057193,0.027750730282375857,0.0102,0.0155
2026_01,2026,leclerc,False,0.06,0.15,0.1319841619005719,0.05842259006815969,0.0059,0.0477
2026_01,2026,piastri,False,0.0365,0.0695,0.06115266168059833,0.03554040895813048,0.0023,0.1893
2026_01,2026,norris,False,0.0205,0.0785,0.06907171139463264,0.01996105160662123,0.0007,0.3585
2026_01,2026,hamilton,False,0.0175,0.1,0.08798944126704795,0.017039922103213246,0.0006,0.0004
2026_01,2026,lawson,False,0.0005,0.007,0.0061592608886933565,0.00048685491723466414,0.0,0.0109
2026_01,2026,arvid_lindblad,False,0.0005,0.007,0.0061592608886933565,0.00048685491723466414,0.0,0.0109
2026_01,2026,bortoleto,False,0.0005,0.013,0.011438627364716233,0.00048685491723466414,0.0,0.0
2026_01,2026,hulkenberg,False,0.0005,0.013,0.011438627364716233,0.00048685491723466414,0.0,0.0007
2026_01,2026,bearman,False,0.0005,0.007,0.0061592608886933565,0.00048685491723466414,0.0,0.001
2026_01,2026,ocon,False,0.0005,0.0015,0.0013198416190057193,0.00048685491723466414,0.0,0.0
2026_01,2026,gasly,False,0.0005,0.0125,0.010998680158380994,0.00048685491723466414,0.0,0.0003
2026_01,2026,albon,False,0.0005,0.006,0.005279366476022877,0.00048685491723466414,0.0,0.0
2026_01,2026,colapinto,False,0.0005,0.0125,0.010998680158380994,0.00048685491723466414,0.0,0.0
2026_01,2026,alonso,False,0.0015,0.0015,0.0013198416190057193,0.0014605647517039924,0.0,0.0167
2026_01,2026,perez,False,0.0005,0.006,0.005279366476022877,0.00048685491723466414,0.0,0.0005
2026_01,2026,bottas,False,0.0005,0.007,0.0061592608886933565,0.00048685491723466414,0.0,0.0
2026_01,2026,max_verstappen,False,0.015,0.195,0.17157941047074352,0.014605647517039922,0.0,0.2013
2026_01,2026,sainz,False,0.0005,0.0075,0.006599208095028596,0.00048685491723466414,0.0,0.0183
2026_01,2026,stroll,False,0.0005,0.0005,0.00043994720633523974,0.00048685491723466414,0.0,0.0001
2026_02,2026,antonelli,True,0.265,0.115,0.1043557168784029,0.2585365853658537,0.6442,0.016200000000000003
2026_02,2026,russell,False,0.575,0.535,0.48548094373865697,0.5609756097560976,0.2188,0.30450000000000005
2026_02,2026,hamilton,False,0.0775,0.09,0.08166969147005444,0.07560975609756099,0.0766,0.0017000000000000001
2026_02,2026,leclerc,False,0.065,0.15,0.13611615245009073,0.06341463414634146,0.0445,0.08090000000000001
2026_02,2026,piastri,False,0.0115,0.0325,0.029491833030852992,0.011219512195121953,0.0114,0.21240000000000003
2026_02,2026,norris,False,0.011,0.0155,0.014065335753176042,0.010731707317073172,0.0043,0.32580000000000003
2026_02,2026,gasly,False,0.0005,0.005,0.004537205081669691,0.00048780487804878054,0.0001,0.00030000000000000003
2026_02,2026,max_verstappen,False,0.012,0.08,0.07259528130671505,0.011707317073170733,0.0001,0.0030000000000000005
2026_02,2026,hadjar,False,0.0015,0.0045,0.004083484573502722,0.0014634146341463417,0.0,0.037700000000000004
2026_02,2026,bearman,False,0.0005,0.006,0.0054446460980036296,0.00048780487804878054,0.0,0.0016000000000000003
2026_02,2026,hulkenberg,False,0.0005,0.005,0.004537205081669691,0.00048780487804878054,0.0,0.0008000000000000001
2026_02,2026,colapinto,False,0.0005,0.006,0.0054446460980036296,0.00048780487804878054,0.0,0.0
2026_02,2026,ocon,False,0.0005,0.005,0.004537205081669691,0.00048780487804878054,0.0,0.0004000000000000001
2026_02,2026,lawson,False,0.0005,0.008,0.007259528130671506,0.00048780487804878054,0.0,0.012000000000000002
2026_02,2026,arvid_lindblad,False,0.0005,0.008,0.007259528130671506,0.00048780487804878054,0.0,0.0010000000000000002
2026_02,2026,bortoleto,False,0.0005,0.008,0.007259528130671506,0.00048780487804878054,0.0,0.0
2026_02,2026,sainz,False,0.0005,0.005,0.004537205081669691,0.00048780487804878054,0.0,0.0
2026_02,2026,alonso,False,0.0005,0.007,0.006352087114337567,0.00048780487804878054,0.0,0.0017000000000000001
2026_02,2026,bottas,False,0.0005,0.005,0.004537205081669691,0.00048780487804878054,0.0,0.0
2026_02,2026,perez,False,0.0005,0.005,0.004537205081669691,0.00048780487804878054,0.0,0.0
2026_02,2026,albon,False,0.0005,0.0065,0.0058983666061705985,0.00048780487804878054,0.0,0.0
2026_03,2026,antonelli,True,0.585,0.205,0.19902912621359223,0.5724070450097847,0.7011,0.0466
2026_03,2026,russell,False,0.34,0.59,0.5728155339805825,0.3326810176125245,0.1816,0.3151
2026_03,2026,piastri,False,0.0275,0.0205,0.019902912621359223,0.026908023483365948,0.0899,0.1931
2026_03,2026,leclerc,False,0.0375,0.075,0.07281553398058252,0.03669275929549902,0.0211,0.1038
2026_03,2026,norris,False,0.0095,0.0215,0.02087378640776699,0.009295499021526418,0.0056,0.2833
2026_03,2026,hamilton,False,0.013,0.065,0.06310679611650485,0.012720156555772993,0.0006,0.0065
2026_03,2026,gasly,False,0.0005,0.0015,0.0014563106796116505,0.0004892367906066536,0.0001,0.0024
2026_03,2026,hadjar,False,0.0005,0.007,0.006796116504854369,0.0004892367906066536,0.0,0.032
2026_03,2026,bortoleto,False,0.0005,0.0015,0.0014563106796116505,0.0004892367906066536,0.0,0.0001
2026_03,2026,arvid_lindblad,False,0.0005,0.001,0.000970873786407767,0.0004892367906066536,0.0,0.0008
2026_03,2026,max_verstappen,False,0.0025,0.0265,0.025728155339805825,0.002446183953033268,0.0,0.0049
2026_03,2026,ocon,False,0.0005,0.0005,0.0004854368932038835,0.0004892367906066536,0.0,0.0002
2026_03,2026,hulkenberg,False,0.0005,0.0015,0.0014563106796116505,0.0004892367906066536,0.0,0.0005
2026_03,2026,lawson,False,0.0005,0.0015,0.0014563106796116505,0.0004892367906066536,0.0,0.0078
2026_03,2026,colapinto,False,0.0005,0.0015,0.0014563106796116505,0.0004892367906066536,0.0,0.0
2026_03,2026,sainz,False,0.0005,0.001,0.000970873786407767,0.0004892367906066536,0.0,0.0002
2026_03,2026,albon,False,0.0005,0.0005,0.0004854368932038835,0.0004892367906066536,0.0,0.0
2026_03,2026,bearman,False,0.0005,0.006,0.005825242718446602,0.0004892367906066536,0.0,0.0026
2026_03,2026,perez,False,0.0005,0.0015,0.0014563106796116505,0.0004892367906066536,0.0,0.0
2026_03,2026,bottas,False,0.0005,0.0005,0.0004854368932038835,0.0004892367906066536,0.0,0.0
2026_03,2026,alonso,False,0.0005,0.001,0.000970873786407767,0.0004892367906066536,0.0,0.0001
2026_04,2026,antonelli,True,0.405,0.325,0.3060263653483992,0.3860819828408008,0.6381,0.0942
2026_04,2026,max_verstappen,False,0.257,0.028,0.026365348399246702,0.2449952335557674,0.2375,0.0026
2026_04,2026,leclerc,False,0.1225,0.075,0.07062146892655366,0.11677788369876073,0.0699,0.114
2026_04,2026,norris,False,0.09,0.065,0.06120527306967985,0.08579599618684462,0.0355,0.2266
2026_04,2026,russell,False,0.07,0.375,0.3531073446327683,0.06673021925643471,0.015,0.3029
2026_04,2026,hamilton,False,0.038,0.045,0.0423728813559322,0.03622497616777884,0.0032,0.0115
2026_04,2026,piastri,False,0.045,0.1,0.09416195856873823,0.04289799809342231,0.0008,0.2091
2026_04,2026,colapinto,False,0.001,0.0025,0.0023540489642184556,0.0009532888465204958,0.0,0.0
2026_04,2026,gasly,False,0.0045,0.0025,0.0023540489642184556,0.004289799809342231,0.0,0.0049
2026_04,2026,hulkenberg,False,0.0035,0.0025,0.0023540489642184556,0.003336510962821735,0.0,0.0011
2026_04,2026,lawson,False,0.0005,0.004,0.003766478342749529,0.0004766444232602479,0.0,0.0045
2026_04,2026,bearman,False,0.001,0.004,0.003766478342749529,0.0009532888465204958,0.0,0.0005
2026_04,2026,sainz,False,0.001,0.003,0.002824858757062147,0.0009532888465204958,0.0,0.0001
2026_04,2026,ocon,False,0.001,0.003,0.002824858757062147,0.0009532888465204958,0.0,0.0003
2026_04,2026,albon,False,0.0005,0.0035,0.0032956685499058377,0.0004766444232602479,0.0,0.0
2026_04,2026,arvid_lindblad,False,0.001,0.0035,0.0032956685499058377,0.0009532888465204958,0.0,0.0022
2026_04,2026,alonso,False,0.0005,0.0035,0.0032956685499058377,0.0004766444232602479,0.0,0.0
2026_04,2026,stroll,False,0.0005,0.003,0.002824858757062147,0.0004766444232602479,0.0,0.0
2026_04,2026,bottas,False,0.0005,0.003,0.002824858757062147,0.0004766444232602479,0.0,0.0
2026_04,2026,perez,False,0.0005,0.0025,0.0023540489642184556,0.0004766444232602479,0.0,0.0
2026_04,2026,bortoleto,False,0.001,0.0035,0.0032956685499058377,0.0009532888465204958,0.0,0.0008
2026_04,2026,hadjar,False,0.0045,0.005,0.004708097928436911,0.004289799809342231,0.0,0.0247
2026_05,2026,russell,False,0.44,0.315,0.30157970320727623,0.4343534057255676,0.5316,0.2831
2026_05,2026,antonelli,True,0.32,0.33,0.31594064145524176,0.315893385982231,0.2771,0.134
2026_05,2026,norris,False,0.115,0.14,0.13403542364767834,0.11352418558736425,0.115,0.2242
2026_05,2026,piastri,False,0.045,0.075,0.07180469123982766,0.04442250740375123,0.0556,0.19
2026_05,2026,hamilton,False,0.041,0.027,0.02584968884633796,0.040473840078973346,0.0141,0.0184
2026_05,2026,max_verstappen,False,0.028,0.095,0.09095260890378172,0.02764067127344521,0.0041,0.0145
2026_05,2026,hadjar,False,0.004,0.002,0.0019147917663954045,0.003948667324777887,0.0019,0.0
2026_05,2026,leclerc,False,0.012,0.045,0.0430828147438966,0.01184600197433366,0.0006,0.1271
2026_05,2026,arvid_lindblad,False,0.0005,0.001,0.0009573958831977022,0.0004935834155972359,0.0,0.0004
2026_05,2026,colapinto,False,0.0005,0.0005,0.0004786979415988511,0.0004935834155972359,0.0,0.0
2026_05,2026,hulkenberg,False,0.0005,0.0005,0.0004786979415988511,0.0004935834155972359,0.0,0.0009
2026_05,2026,lawson,False,0.0005,0.001,0.0009573958831977022,0.0004935834155972359,0.0,0.0021
2026_05,2026,bortoleto,False,0.0005,0.001,0.0009573958831977022,0.0004935834155972359,0.0,0.0
2026_05,2026,gasly,False,0.0015,0.0035,0.003350885591191958,0.0014807502467917076,0.0,0.0044
2026_05,2026,sainz,False,0.0005,0.0005,0.0004786979415988511,0.0004935834155972359,0.0,0.0001
2026_05,2026,bearman,False,0.0005,0.001,0.0009573958831977022,0.0004935834155972359,0.0,0.0004
2026_05,2026,ocon,False,0.0005,0.001,0.0009573958831977022,0.0004935834155972359,0.0,0.0004
2026_05,2026,albon,False,0.0005,0.001,0.0009573958831977022,0.0004935834155972359,0.0,0.0
2026_05,2026,alonso,False,0.0005,0.002,0.0019147917663954045,0.0004935834155972359,0.0,0.0
2026_05,2026,perez,False,0.0005,0.001,0.0009573958831977022,0.0004935834155972359,0.0,0.0
2026_05,2026,bottas,False,0.0005,0.0005,0.0004786979415988511,0.0004935834155972359,0.0,0.0
2026_05,2026,stroll,False,0.0005,0.001,0.0009573958831977022,0.0004935834155972359,0.0,0.0
2026_06,2026,antonelli,True,0.59,0.16,0.15009380863039398,0.5624404194470924,0.5543,0.1548
2026_06,2026,max_verstappen,False,0.26,0.075,0.07035647279549719,0.2478551000953289,0.3262,0.0194
2026_06,2026,hamilton,False,0.09,0.165,0.15478424015009382,0.08579599618684462,0.0781,0.0319
2026_06,2026,leclerc,False,0.065,0.325,0.3048780487804878,0.06196377502383223,0.0298,0.1126
2026_06,2026,hadjar,False,0.007,0.007,0.006566604127579737,0.00667302192564347,0.0073,0.0004
2026_06,2026,russell,False,0.0115,0.135,0.12664165103189493,0.010962821734985702,0.004,0.2842
2026_06,2026,piastri,False,0.008,0.07,0.06566604127579738,0.007626310772163966,0.0003,0.1782
2026_06,2026,norris,False,0.0105,0.11,0.10318949343339587,0.010009532888465206,0.0,0.2156
2026_06,2026,gasly,False,0.0005,0.0015,0.0014071294559099437,0.0004766444232602479,0.0,0.0009
2026_06,2026,lawson,False,0.0005,0.0015,0.0014071294559099437,0.0004766444232602479,0.0,0.0007
2026_06,2026,albon,False,0.0005,0.0015,0.0014071294559099437,0.0004766444232602479,0.0,0.0
2026_06,2026,sainz,False,0.0005,0.002,0.001876172607879925,0.0004766444232602479,0.0,0.0
2026_06,2026,hulkenberg,False,0.0005,0.002,0.001876172607879925,0.0004766444232602479,0.0,0.0005
2026_06,2026,colapinto,False,0.0005,0.0015,0.0014071294559099437,0.0004766444232602479,0.0,0.0002
2026_06,2026,arvid_lindblad,False,0.0005,0.0015,0.0014071294559099437,0.0004766444232602479,0.0,0.0005
2026_06,2026,bortoleto,False,0.0005,0.0015,0.0014071294559099437,0.0004766444232602479,0.0,0.0
2026_06,2026,ocon,False,0.0005,0.0005,0.00046904315196998124,0.0004766444232602479,0.0,0.0
2026_06,2026,perez,False,0.0005,0.001,0.0009380863039399625,0.0004766444232602479,0.0,0.0
2026_06,2026,bearman,False,0.0005,0.0015,0.0014071294559099437,0.0004766444232602479,0.0,0.0001
2026_06,2026,bottas,False,0.0005,0.001,0.0009380863039399625,0.0004766444232602479,0.0,0.0
2026_06,2026,alonso,False,0.0005,0.0015,0.0014071294559099437,0.0004766444232602479,0.0,0.0
2026_06,2026,stroll,False,0.0005,0.0005,0.00046904315196998124,0.0004766444232602479,0.0,0.0
2026_07,2026,russell,False,0.525,0.24,0.22315202231520223,0.5067567567567568,0.5762,0.249
2026_07,2026,hamilton,True,0.156,0.065,0.060437006043700614,0.15057915057915058,0.3271,0.0501
2026_07,2026,antonelli,False,0.235,0.47,0.43700604370060436,0.22683397683397682,0.048,0.2137
2026_07,2026,norris,False,0.05,0.06,0.05578800557880056,0.04826254826254826,0.031,0.1623
2026_07,2026,max_verstappen,False,0.027,0.11,0.10227801022780103,0.026061776061776062,0.0122,0.0464
2026_07,2026,hadjar,False,0.0045,0.008,0.007438400743840075,0.004343629343629343,0.0039,0.0011
2026_07,2026,piastri,False,0.0125,0.0485,0.045095304509530455,0.012065637065637066,0.0016,0.1435
2026_07,2026,lawson,False,0.001,0.0015,0.0013947001394700141,0.0009652509652509653,0.0,0.0014
2026_07,2026,hulkenberg,False,0.001,0.0015,0.0013947001394700141,0.0009652509652509653,0.0,0.0001
2026_07,2026,leclerc,False,0.014,0.055,0.051139005113900515,0.013513513513513513,0.0,0.1308
2026_07,2026,arvid_lindblad,False,0.0005,0.0015,0.0013947001394700141,0.00048262548262548264,0.0,0.0
2026_07,2026,bortoleto,False,0.0005,0.001,0.0009298000929800094,0.00048262548262548264,0.0,0.0
2026_07,2026,colapinto,False,0.001,0.001,0.0009298000929800094,0.0009652509652509653,0.0,0.0
2026_07,2026,gasly,False,0.0015,0.001,0.0009298000929800094,0.0014478764478764478,0.0,0.0016
2026_07,2026,bearman,False,0.001,0.0015,0.0013947001394700141,0.0009652509652509653,0.0,0.0
2026_07,2026,sainz,False,0.001,0.002,0.0018596001859600187,0.0009652509652509653,0.0,0.0
2026_07,2026,ocon,False,0.001,0.0015,0.0013947001394700141,0.0009652509652509653,0.0,0.0
2026_07,2026,albon,False,0.0005,0.0015,0.0013947001394700141,0.00048262548262548264,0.0,0.0
2026_07,2026,perez,False,0.001,0.0015,0.0013947001394700141,0.0009652509652509653,0.0,0.0
2026_07,2026,bottas,False,0.0005,0.001,0.0009298000929800094,0.00048262548262548264,0.0,0.0
2026_07,2026,stroll,False,0.0005,0.0005,0.0004649000464900047,0.00048262548262548264,0.0,0.0
2026_07,2026,alonso,False,0.001,0.002,0.0018596001859600187,0.0009652509652509653,0.0,0.0
2026_08,2026,russell,True,0.365,0.195,0.1884057971014493,0.3504560729716754,0.696,0.2791
2026_08,2026,leclerc,False,0.1425,0.115,0.11111111111111112,0.1368218915026404,0.1645,0.0983
2026_08,2026,hamilton,False,0.14,0.185,0.17874396135265702,0.13442150744119058,0.0739,0.0764
2026_08,2026,antonelli,False,0.295,0.32,0.3091787439613527,0.28324531925108015,0.0418,0.1942
2026_08,2026,max_verstappen,False,0.0585,0.105,0.10144927536231885,0.05616898703792607,0.0149,0.0564
2026_08,2026,norris,False,0.0135,0.065,0.06280193236714976,0.01296207393182909,0.0059,0.149
2026_08,2026,piastri,False,0.0155,0.0305,0.029468599033816427,0.014882381180988957,0.0029,0.1408
2026_08,2026,hadjar,False,0.0045,0.003,0.0028985507246376816,0.004320691310609697,0.0001,0.0032
2026_08,2026,lawson,False,0.0005,0.0015,0.0014492753623188408,0.00048007681228996637,0.0,0.0013
2026_08,2026,arvid_lindblad,False,0.0005,0.0015,0.0014492753623188408,0.00048007681228996637,0.0,0.0002
2026_08,2026,gasly,False,0.0005,0.0015,0.0014492753623188408,0.00048007681228996637,0.0,0.0007
2026_08,2026,bortoleto,False,0.0005,0.001,0.0009661835748792271,0.00048007681228996637,0.0,0.0
2026_08,2026,bearman,False,0.0005,0.001,0.0009661835748792271,0.00048007681228996637,0.0,0.0
2026_08,2026,hulkenberg,False,0.0005,0.001,0.0009661835748792271,0.00048007681228996637,0.0,0.0004
2026_08,2026,ocon,False,0.0005,0.0015,0.0014492753623188408,0.00048007681228996637,0.0,0.0
2026_08,2026,colapinto,False,0.0005,0.0005,0.00048309178743961357,0.00048007681228996637,0.0,0.0
2026_08,2026,sainz,False,0.0005,0.0015,0.0014492753623188408,0.00048007681228996637,0.0,0.0
2026_08,2026,albon,False,0.0005,0.001,0.0009661835748792271,0.00048007681228996637,0.0,0.0
2026_08,2026,perez,False,0.0005,0.0015,0.0014492753623188408,0.00048007681228996637,0.0,0.0
2026_08,2026,bottas,False,0.0005,0.0015,0.0014492753623188408,0.00048007681228996637,0.0,0.0
2026_08,2026,alonso,False,0.0005,0.0005,0.00048309178743961357,0.00048007681228996637,0.0,0.0
2026_08,2026,stroll,False,0.0005,0.001,0.0009661835748792271,0.00048007681228996637,0.0,0.0
2026_09,2026,antonelli,False,0.65,0.375,0.3552818569398389,0.6259027443428021,0.6381,0.1768
2026_09,2026,leclerc,True,0.0915,0.0465,0.04405495026054002,0.08810784785748677,0.2463,0.1089
2026_09,2026,hamilton,False,0.14,0.15,0.14211274277593555,0.1348098218584497,0.0721,0.0837
2026_09,2026,russell,False,0.1,0.255,0.24159166271909047,0.09629272989889263,0.039,0.3012
2026_09,2026,hadjar,False,0.0045,0.002,0.0018948365703458075,0.004333172845450168,0.0034,0.0071
2026_09,2026,norris,False,0.0135,0.055,0.052108005684509705,0.012999518536350506,0.0008,0.1392
2026_09,2026,max_verstappen,False,0.028,0.135,0.12790146849834202,0.026961964371689937,0.0001,0.0639
2026_09,2026,piastri,False,0.004,0.0265,0.025106584557081948,0.0038517091959557057,0.0002,0.1156
2026_09,2026,arvid_lindblad,False,0.0005,0.0005,0.00047370914258645187,0.0004814636494944632,0.0,0.0009
2026_09,2026,lawson,False,0.0005,0.0005,0.00047370914258645187,0.0004814636494944632,0.0,0.0021
2026_09,2026,bortoleto,False,0.0005,0.0005,0.00047370914258645187,0.0004814636494944632,0.0,0.0
2026_09,2026,hulkenberg,False,0.0005,0.0005,0.00047370914258645187,0.0004814636494944632,0.0,0.0
2026_09,2026,bearman,False,0.0005,0.001,0.0009474182851729037,0.0004814636494944632,0.0,0.0
2026_09,2026,sainz,False,0.0005,0.0005,0.00047370914258645187,0.0004814636494944632,0.0,0.0
2026_09,2026,gasly,False,0.0005,0.0005,0.00047370914258645187,0.0004814636494944632,0.0,0.0005
2026_09,2026,albon,False,0.0005,0.0005,0.00047370914258645187,0.0004814636494944632,0.0,0.0
2026_09,2026,ocon,False,0.0005,0.0005,0.00047370914258645187,0.0004814636494944632,0.0,0.0
2026_09,2026,bottas,False,0.0005,0.0005,0.00047370914258645187,0.0004814636494944632,0.0,0.0
2026_09,2026,colapinto,False,0.0005,0.0005,0.00047370914258645187,0.0004814636494944632,0.0,0.0001
2026_09,2026,perez,False,0.0005,0.0035,0.003315963998105163,0.0004814636494944632,0.0,0.0
2026_09,2026,alonso,False,0.0005,0.0005,0.00047370914258645187,0.0004814636494944632,0.0,0.0
2026_09,2026,stroll,False,0.0005,0.0005,0.00047370914258645187,0.0004814636494944632,0.0,0.0
2026_10,2026,antonelli,True,0.665,0.38,0.3683955404750363,0.6397306397306397,0.6869,0.2211
2026_10,2026,max_verstappen,False,0.1885,0.071,0.06883179835191468,0.18133718133718132,0.2008,0.0595
2026_10,2026,russell,False,0.075,0.225,0.21812893843916625,0.07215007215007214,0.0577,0.2686
2026_10,2026,leclerc,False,0.0355,0.115,0.11148812409112942,0.03415103415103415,0.0304,0.1436
2026_10,2026,hamilton,False,0.0345,0.165,0.15996122152205525,0.03318903318903319,0.0186,0.1023
2026_10,2026,piastri,False,0.0075,0.018,0.0174503150751333,0.007215007215007214,0.0043,0.0875
2026_10,2026,arvid_lindblad,False,0.0005,0.0015,0.001454192922927775,0.00048100048100048096,0.0011,0.0004
2026_10,2026,bortoleto,False,0.0005,0.0005,0.00048473097430925833,0.00048100048100048096,0.0,0.0
2026_10,2026,lawson,False,0.0005,0.0025,0.0024236548715462916,0.00048100048100048096,0.0,0.0017
2026_10,2026,gasly,False,0.0005,0.0035,0.0033931168201648083,0.00048100048100048096,0.0,0.0001
2026_10,2026,colapinto,False,0.0005,0.002,0.0019389238972370333,0.00048100048100048096,0.0,0.0
2026_10,2026,hulkenberg,False,0.0005,0.002,0.0019389238972370333,0.00048100048100048096,0.0,0.0003
2026_10,2026,norris,False,0.024,0.026,0.025206010664081433,0.023088023088023088,0.0002,0.105
2026_10,2026,bearman,False,0.0005,0.002,0.0019389238972370333,0.00048100048100048096,0.0,0.0001
2026_10,2026,albon,False,0.0005,0.002,0.0019389238972370333,0.00048100048100048096,0.0,0.0
2026_10,2026,ocon,False,0.0005,0.002,0.0019389238972370333,0.00048100048100048096,0.0,0.0
2026_10,2026,bottas,False,0.0005,0.0005,0.00048473097430925833,0.00048100048100048096,0.0,0.0
2026_10,2026,perez,False,0.0005,0.002,0.0019389238972370333,0.00048100048100048096,0.0,0.0
2026_10,2026,sainz,False,0.0005,0.0005,0.00048473097430925833,0.00048100048100048096,0.0,0.0
2026_10,2026,stroll,False,0.0005,0.002,0.0019389238972370333,0.00048100048100048096,0.0,0.0
2026_10,2026,hadjar,False,0.0025,0.0065,0.006301502666020358,0.0024050024050024047,0.0,0.0098
2026_10,2026,alonso,False,0.0005,0.002,0.0019389238972370333,0.00048100048100048096,0.0,0.0
2026_11,2026,norris,True,0.3475,0.065,0.06100422336931019,0.326137963397466,0.6389,0.1088
2026_11,2026,leclerc,False,0.305,0.175,0.1642421398404505,0.2862505865790709,0.1637,0.1345
2026_11,2026,piastri,False,0.04,0.0365,0.0342562177381511,0.03754106053496012,0.0219,0.0828
2026_11,2026,max_verstappen,False,0.0285,0.085,0.07977475363679025,0.026748005631159085,0.0094,0.072
2026_11,2026,hamilton,False,0.195,0.185,0.17362740497419055,0.18301267010793057,0.1542,0.1043
2026_11,2026,russell,False,0.0155,0.115,0.10793054903801035,0.014547160957297045,0.0018,0.2295
2026_11,2026,antonelli,False,0.125,0.385,0.3613327076489911,0.11731581417175037,0.0099,0.2565
2026_11,2026,hadjar,False,0.002,0.009,0.008446738620366026,0.0018770530267480058,0.0002,0.0079
2026_11,2026,arvid_lindblad,False,0.0005,0.0005,0.00046926325668700144,0.00046926325668700144,0.0,0.0013
2026_11,2026,hulkenberg,False,0.0005,0.0005,0.00046926325668700144,0.00046926325668700144,0.0,0.0
2026_11,2026,lawson,False,0.0005,0.002,0.0018770530267480058,0.00046926325668700144,0.0,0.0019
2026_11,2026,gasly,False,0.0005,0.0005,0.00046926325668700144,0.00046926325668700144,0.0,0.0004
2026_11,2026,colapinto,False,0.0005,0.0005,0.00046926325668700144,0.00046926325668700144,0.0,0.0
2026_11,2026,bortoleto,False,0.0005,0.0005,0.00046926325668700144,0.00046926325668700144,0.0,0.0001
2026_11,2026,ocon,False,0.0005,0.0005,0.00046926325668700144,0.00046926325668700144,0.0,0.0
2026_11,2026,alonso,False,0.0005,0.002,0.0018770530267480058,0.00046926325668700144,0.0,0.0
2026_11,2026,bearman,False,0.0005,0.0005,0.00046926325668700144,0.00046926325668700144,0.0,0.0
2026_11,2026,sainz,False,0.0005,0.0005,0.00046926325668700144,0.00046926325668700144,0.0,0.0
2026_11,2026,albon,False,0.0005,0.0005,0.00046926325668700144,0.00046926325668700144,0.0,0.0
2026_11,2026,stroll,False,0.0005,0.0005,0.00046926325668700144,0.00046926325668700144,0.0,0.0
2026_11,2026,bottas,False,0.0005,0.0005,0.00046926325668700144,0.00046926325668700144,0.0,0.0
2026_11,2026,perez,False,0.0005,0.0005,0.00046926325668700144,0.00046926325668700144,0.0,0.0
2026_12,2026,norris,True,0.365,0.165,0.1473872264403752,0.35419699175157693,0.5363,0.1443
2026_12,2026,russell,False,0.255,0.095,0.08485931219294328,0.24745269286754004,0.2323,0.1689
2026_12,2026,antonelli,False,0.245,0.305,0.27244305493523896,0.23774866569626396,0.1348,0.2396
2026_12,2026,piastri,False,0.035,0.06,0.053595355069227336,0.03396409509946628,0.0806,0.0789
2026_12,2026,hamilton,False,0.0495,0.165,0.1473872264403752,0.048034934497816595,0.0123,0.1431
2026_12,2026,leclerc,False,0.0375,0.12,0.10719071013845467,0.036390101892285295,0.0028,0.1463
2026_12,2026,max_verstappen,False,0.0275,0.095,0.08485931219294328,0.026686074721009218,0.0009,0.0742
2026_12,2026,lawson,False,0.0015,0.01,0.008932559178204557,0.001455604075691412,0.0,0.0007
2026_12,2026,bortoleto,False,0.001,0.009,0.008039303260384099,0.000970402717127608,0.0,0.0
2026_12,2026,arvid_lindblad,False,0.0015,0.002,0.0017865118356409112,0.001455604075691412,0.0,0.0034
2026_12,2026,gasly,False,0.0015,0.002,0.0017865118356409112,0.001455604075691412,0.0,0.0003
2026_12,2026,hulkenberg,False,0.001,0.0095,0.008485931219294328,0.000970402717127608,0.0,0.0003
2026_12,2026,colapinto,False,0.001,0.0095,0.008485931219294328,0.000970402717127608,0.0,0.0
2026_12,2026,ocon,False,0.0005,0.009,0.008039303260384099,0.000485201358563804,0.0,0.0
2026_12,2026,albon,False,0.001,0.009,0.008039303260384099,0.000970402717127608,0.0,0.0
2026_12,2026,sainz,False,0.001,0.0095,0.008485931219294328,0.000970402717127608,0.0,0.0
2026_12,2026,alonso,False,0.001,0.007,0.006252791424743189,0.000970402717127608,0.0,0.0
2026_12,2026,stroll,False,0.001,0.0095,0.008485931219294328,0.000970402717127608,0.0,0.0
2026_12,2026,bearman,False,0.001,0.01,0.008932559178204557,0.000970402717127608,0.0,0.0
2026_12,2026,bottas,False,0.002,0.0095,0.008485931219294328,0.001940805434255216,0.0,0.0
2026_12,2026,perez,False,0.001,0.009,0.008039303260384099,0.000970402717127608,0.0,0.0
2026_13,2026,gasly,False,0.0595,0.0015,0.0014423076923076924,0.055789967182372245,0.5157,0.0
2026_13,2026,russell,False,0.5,0.285,0.2740384615384615,0.46882325363338023,0.2979,0.1893
2026_13,2026,leclerc,False,0.175,0.11,0.10576923076923077,0.16408813877168307,0.0859,0.1184
2026_13,2026,hamilton,False,0.125,0.115,0.11057692307692307,0.11720581340834506,0.0512,0.126
2026_13,2026,max_verstappen,False,0.048,0.0595,0.05721153846153846,0.0450070323488045,0.0214,0.068
2026_13,2026,piastri,False,0.0465,0.055,0.052884615384615384,0.04360056258790436,0.0241,0.0941
2026_13,2026,colapinto,False,0.0015,0.0015,0.0014423076923076924,0.0014064697609001407,0.0009,0.0
2026_13,2026,norris,False,0.045,0.335,0.32211538461538464,0.04219409282700422,0.0027,0.1763
2026_13,2026,arvid_lindblad,False,0.0055,0.0005,0.00048076923076923074,0.005157055789967182,0.0002,0.0018
2026_13,2026,bortoleto,False,0.001,0.0015,0.0014423076923076924,0.0009376465072667605,0.0,0.0
2026_13,2026,bearman,False,0.0005,0.0005,0.00048076923076923074,0.00046882325363338024,0.0,0.0
2026_13,2026,hulkenberg,False,0.0005,0.0015,0.0014423076923076924,0.00046882325363338024,0.0,0.0001
2026_13,2026,sainz,False,0.0015,0.0015,0.0014423076923076924,0.0014064697609001407,0.0,0.0
2026_13,2026,ocon,False,0.0005,0.0005,0.00048076923076923074,0.00046882325363338024,0.0,0.0
2026_13,2026,bottas,False,0.0005,0.0005,0.00048076923076923074,0.00046882325363338024,0.0,0.0
2026_13,2026,perez,False,0.0005,0.0005,0.00048076923076923074,0.00046882325363338024,0.0,0.0
2026_13,2026,stroll,False,0.001,0.001,0.0009615384615384615,0.0009376465072667605,0.0,0.0
2026_13,2026,antonelli,True,0.05,0.065,0.0625,0.04688232536333802,0.0,0.2242
2026_13,2026,albon,False,0.0005,0.0005,0.00048076923076923074,0.00046882325363338024,0.0,0.0
2026_13,2026,alonso,False,0.0005,0.0015,0.0014423076923076924,0.00046882325363338024,0.0,0.0
2026_13,2026,lawson,False,0.0035,0.0025,0.002403846153846154,0.0032817627754336614,0.0,0.0018
2026_14,2026,norris,False,0.365,0.205,0.19598470363288717,0.3489483747609942,0.3519,0.1566156615661566
2026_14,2026,antonelli,True,0.395,0.34,0.32504780114722753,0.3776290630975143,0.3126,0.22332233223322331
2026_14,2026,max_verstappen,False,0.115,0.075,0.07170172084130018,0.10994263862332695,0.1331,0.0697069706970697
2026_14,2026,hamilton,False,0.065,0.105,0.10038240917782026,0.062141491395793495,0.0873,0.12231223122312232
2026_14,2026,leclerc,False,0.0305,0.085,0.08126195028680688,0.02915869980879541,0.0786,0.1215121512151215
2026_14,2026,russell,False,0.0435,0.15,0.14340344168260036,0.04158699808795411,0.0261,0.19021902190219023
2026_14,2026,piastri,False,0.0165,0.06,0.05736137667304015,0.01577437858508604,0.0068,0.10961096109610961
2026_14,2026,lawson,False,0.005,0.0055,0.00525812619502868,0.004780114722753346,0.0036,0.0013001300130013002
2026_14,2026,colapinto,False,0.0005,0.005,0.004780114722753346,0.0004780114722753346,0.0,0.0
2026_14,2026,arvid_lindblad,False,0.0045,0.001,0.0009560229445506692,0.0043021032504780106,0.0,0.0039003900390039
2026_14,2026,hulkenberg,False,0.0005,0.0005,0.0004780114722753346,0.0004780114722753346,0.0,0.00010001000100010001
2026_14,2026,bortoleto,False,0.0005,0.0005,0.0004780114722753346,0.0004780114722753346,0.0,0.00020002000200020003
2026_14,2026,ocon,False,0.0005,0.0005,0.0004780114722753346,0.0004780114722753346,0.0,0.0
2026_14,2026,gasly,False,0.0005,0.0065,0.006214149139579349,0.0004780114722753346,0.0,0.0012001200120012
2026_14,2026,albon,False,0.0005,0.0005,0.0004780114722753346,0.0004780114722753346,0.0,0.0
2026_14,2026,alonso,False,0.0005,0.003,0.0028680688336520078,0.0004780114722753346,0.0,0.0
2026_14,2026,perez,False,0.0005,0.0005,0.0004780114722753346,0.0004780114722753346,0.0,0.0
2026_14,2026,bottas,False,0.0005,0.0005,0.0004780114722753346,0.0004780114722753346,0.0,0.0
2026_14,2026,sainz,False,0.0005,0.0005,0.0004780114722753346,0.0004780114722753346,0.0,0.0
2026_14,2026,stroll,False,0.0005,0.0005,0.0004780114722753346,0.0004780114722753346,0.0,0.0
2026_14,2026,bearman,False,0.0005,0.001,0.0009560229445506692,0.0004780114722753346,0.0,0.0
2026_15,2026,russell,True,0.645,0.11,0.10628019323671499,0.6192990878540566,0.9041,0.1555
2026_15,2026,leclerc,False,0.075,0.051,0.04927536231884058,0.07201152184349495,0.0396,0.1237
2026_15,2026,piastri,False,0.0415,0.0345,0.03333333333333334,0.03984637542006721,0.0369,0.0867
2026_15,2026,hadjar,False,0.0145,0.01,0.009661835748792272,0.013922227556409025,0.0134,0.0066
2026_15,2026,norris,False,0.037,0.195,0.1884057971014493,0.03552568410945751,0.0033,0.1776
2026_15,2026,hamilton,False,0.028,0.09,0.08695652173913043,0.026884301488238116,0.0001,0.1254
2026_15,2026,gasly,False,0.0015,0.0045,0.004347826086956522,0.001440230436869899,0.0001,0.0005
2026_15,2026,max_verstappen,False,0.046,0.095,0.09178743961352658,0.044167066730676906,0.0025,0.0836
2026_15,2026,colapinto,False,0.004,0.0015,0.0014492753623188408,0.003840614498319731,0.0,0.0003
2026_15,2026,bearman,False,0.001,0.0055,0.005314009661835749,0.0009601536245799327,0.0,0.0
2026_15,2026,lawson,False,0.001,0.002,0.0019323671497584543,0.0009601536245799327,0.0,0.0042
2026_15,2026,albon,False,0.0015,0.0025,0.002415458937198068,0.001440230436869899,0.0,0.0
2026_15,2026,ocon,False,0.0005,0.0015,0.0014492753623188408,0.00048007681228996637,0.0,0.0
2026_15,2026,sainz,False,0.001,0.0015,0.0014492753623188408,0.0009601536245799327,0.0,0.0
2026_15,2026,arvid_lindblad,False,0.001,0.002,0.0019323671497584543,0.0009601536245799327,0.0,0.0032
2026_15,2026,antonelli,False,0.14,0.405,0.39130434782608703,0.13442150744119058,0.0,0.2324
2026_15,2026,bortoleto,False,0.0005,0.0055,0.005314009661835749,0.00048007681228996637,0.0,0.0001
2026_15,2026,hulkenberg,False,0.0005,0.0055,0.005314009661835749,0.00048007681228996637,0.0,0.0002
2026_15,2026,bottas,False,0.0005,0.0015,0.0014492753623188408,0.00048007681228996637,0.0,0.0
2026_15,2026,perez,False,0.0005,0.0015,0.0014492753623188408,0.00048007681228996637,0.0,0.0
2026_15,2026,alonso,False,0.0005,0.0045,0.004347826086956522,0.00048007681228996637,0.0,0.0
2026_15,2026,stroll,False,0.0005,0.005,0.004830917874396136,0.00048007681228996637,0.0,0.0
